Length (mm), TS (dB), L_TS (dB), U_TS (dB), Frequency (kHz), TS (dB), L_TS (dB), U_TS (dB), Incidence (deg), TS (dB), L_TS (dB), U_TS (dB), Body Density (kg/m3), TS(dB), L_TS (dB), U_TS (dB), Body Sound Speed (m/s), TS(dB), L_TS (dB), U_TS (dB), Swim Bladder Density (kg/m3), TS(dB), L_TS (dB), U_TS (dB), Swim Bladder Sound Speed (m/s), TS(dB), L_TS (dB), U_TS (dB), Water Density (kg/m3), TS(dB), L_TS (dB), U_TS (dB), Water Sound Speed (m/s), TS(dB), L_TS (dB), U_TS (dB)
175.00,-57.02,-77.58,-50.99,12.00,-55.22,-55.22,-55.22,90.00,-57.02,-77.58,-50.99,1070.00,-57.02,-77.58,-50.99,1570.00,-57.02,-77.58,-50.99,1.24,-57.02,-77.58,-50.99,345.00,-57.02,-77.58,-50.99,1030.00,-57.02,-77.58,-50.99,1490.00,-57.02,-77.58,-50.99,
,,,,13.00,-54.28,-54.28,-54.28,,,,,,,,,,,,,,,,,,,,,,,,,,,,,
,,,,14.00,-53.48,-53.48,-53.48,,,,,,,,,,,,,,,,,,,,,,,,,,,,,
,,,,15.00,-52.80,-52.80,-52.80,,,,,,,,,,,,,,,,,,,,,,,,,,,,,
,,,,16.00,-52.23,-52.23,-52.23,,,,,,,,,,,,,,,,,,,,,,,,,,,,,
,,,,17.00,-51.77,-51.77,-51.77,,,,,,,,,,,,,,,,,,,,,,,,,,,,,
,,,,18.00,-51.41,-51.41,-51.41,,,,,,,,,,,,,,,,,,,,,,,,,,,,,
,,,,19.00,-51.16,-51.16,-51.16,,,,,,,,,,,,,,,,,,,,,,,,,,,,,
,,,,20.00,-50.99,-50.99,-50.99,,,,,,,,,,,,,,,,,,,,,,,,,,,,,
,,,,21.00,-50.93,-50.93,-50.93,,,,,,,,,,,,,,,,,,,,,,,,,,,,,
,,,,22.00,-50.96,-50.96,-50.96,,,,,,,,,,,,,,,,,,,,,,,,,,,,,
,,,,23.00,-51.08,-51.08,-51.08,,,,,,,,,,,,,,,,,,,,,,,,,,,,,
,,,,24.00,-51.31,-51.31,-51.31,,,,,,,,,,,,,,,,,,,,,,,,,,,,,
,,,,25.00,-51.65,-51.65,-51.65,,,,,,,,,,,,,,,,,,,,,,,,,,,,,
,,,,26.00,-52.10,-52.10,-52.10,,,,,,,,,,,,,,,,,,,,,,,,,,,,,
,,,,27.00,-52.68,-52.68,-52.68,,,,,,,,,,,,,,,,,,,,,,,,,,,,,
,,,,28.00,-53.40,-53.40,-53.40,,,,,,,,,,,,,,,,,,,,,,,,,,,,,
,,,,29.00,-54.29,-54.29,-54.29,,,,,,,,,,,,,,,,,,,,,,,,,,,,,
,,,,30.00,-55.36,-55.36,-55.36,,,,,,,,,,,,,,,,,,,,,,,,,,,,,
,,,,31.00,-56.67,-56.67,-56.67,,,,,,,,,,,,,,,,,,,,,,,,,,,,,
,,,,32.00,-58.27,-58.27,-58.27,,,,,,,,,,,,,,,,,,,,,,,,,,,,,
,,,,33.00,-60.27,-60.27,-60.27,,,,,,,,,,,,,,,,,,,,,,,,,,,,,
,,,,34.00,-62.79,-62.79,-62.79,,,,,,,,,,,,,,,,,,,,,,,,,,,,,
,,,,35.00,-65.99,-65.99,-65.99,,,,,,,,,,,,,,,,,,,,,,,,,,,,,
,,,,36.00,-69.30,-69.30,-69.30,,,,,,,,,,,,,,,,,,,,,,,,,,,,,
,,,,37.00,-69.51,-69.51,-69.51,,,,,,,,,,,,,,,,,,,,,,,,,,,,,
,,,,38.00,-66.62,-66.62,-66.62,,,,,,,,,,,,,,,,,,,,,,,,,,,,,
,,,,39.00,-63.88,-63.88,-63.88,,,,,,,,,,,,,,,,,,,,,,,,,,,,,
,,,,40.00,-61.81,-61.81,-61.81,,,,,,,,,,,,,,,,,,,,,,,,,,,,,
,,,,41.00,-60.29,-60.29,-60.29,,,,,,,,,,,,,,,,,,,,,,,,,,,,,
,,,,42.00,-59.17,-59.17,-59.17,,,,,,,,,,,,,,,,,,,,,,,,,,,,,
,,,,43.00,-58.38,-58.38,-58.38,,,,,,,,,,,,,,,,,,,,,,,,,,,,,
,,,,44.00,-57.86,-57.86,-57.86,,,,,,,,,,,,,,,,,,,,,,,,,,,,,
,,,,45.00,-57.57,-57.57,-57.57,,,,,,,,,,,,,,,,,,,,,,,,,,,,,
,,,,46.00,-57.49,-57.49,-57.49,,,,,,,,,,,,,,,,,,,,,,,,,,,,,
,,,,47.00,-57.63,-57.63,-57.63,,,,,,,,,,,,,,,,,,,,,,,,,,,,,
,,,,48.00,-57.98,-57.98,-57.98,,,,,,,,,,,,,,,,,,,,,,,,,,,,,
,,,,49.00,-58.57,-58.57,-58.57,,,,,,,,,,,,,,,,,,,,,,,,,,,,,
,,,,50.00,-59.43,-59.43,-59.43,,,,,,,,,,,,,,,,,,,,,,,,,,,,,
,,,,51.00,-60.62,-60.62,-60.62,,,,,,,,,,,,,,,,,,,,,,,,,,,,,
,,,,52.00,-62.26,-62.26,-62.26,,,,,,,,,,,,,,,,,,,,,,,,,,,,,
,,,,53.00,-64.53,-64.53,-64.53,,,,,,,,,,,,,,,,,,,,,,,,,,,,,
,,,,54.00,-67.86,-67.86,-67.86,,,,,,,,,,,,,,,,,,,,,,,,,,,,,
,,,,55.00,-72.88,-72.88,-72.88,,,,,,,,,,,,,,,,,,,,,,,,,,,,,
,,,,56.00,-74.96,-74.96,-74.96,,,,,,,,,,,,,,,,,,,,,,,,,,,,,
,,,,57.00,-69.40,-69.40,-69.40,,,,,,,,,,,,,,,,,,,,,,,,,,,,,
,,,,58.00,-65.19,-65.19,-65.19,,,,,,,,,,,,,,,,,,,,,,,,,,,,,
,,,,59.00,-62.28,-62.28,-62.28,,,,,,,,,,,,,,,,,,,,,,,,,,,,,
,,,,60.00,-60.15,-60.15,-60.15,,,,,,,,,,,,,,,,,,,,,,,,,,,,,
,,,,61.00,-58.51,-58.51,-58.51,,,,,,,,,,,,,,,,,,,,,,,,,,,,,
,,,,62.00,-57.22,-57.22,-57.22,,,,,,,,,,,,,,,,,,,,,,,,,,,,,
,,,,63.00,-56.19,-56.19,-56.19,,,,,,,,,,,,,,,,,,,,,,,,,,,,,
,,,,64.00,-55.39,-55.39,-55.39,,,,,,,,,,,,,,,,,,,,,,,,,,,,,
,,,,65.00,-54.76,-54.76,-54.76,,,,,,,,,,,,,,,,,,,,,,,,,,,,,
,,,,66.00,-54.29,-54.29,-54.29,,,,,,,,,,,,,,,,,,,,,,,,,,,,,
,,,,67.00,-53.97,-53.97,-53.97,,,,,,,,,,,,,,,,,,,,,,,,,,,,,
,,,,68.00,-53.78,-53.78,-53.78,,,,,,,,,,,,,,,,,,,,,,,,,,,,,
,,,,69.00,-53.72,-53.72,-53.72,,,,,,,,,,,,,,,,,,,,,,,,,,,,,
,,,,70.00,-53.78,-53.78,-53.78,,,,,,,,,,,,,,,,,,,,,,,,,,,,,
,,,,71.00,-53.97,-53.97,-53.97,,,,,,,,,,,,,,,,,,,,,,,,,,,,,
,,,,72.00,-54.29,-54.29,-54.29,,,,,,,,,,,,,,,,,,,,,,,,,,,,,
,,,,73.00,-54.75,-54.75,-54.75,,,,,,,,,,,,,,,,,,,,,,,,,,,,,
,,,,74.00,-55.36,-55.36,-55.36,,,,,,,,,,,,,,,,,,,,,,,,,,,,,
,,,,75.00,-56.14,-56.14,-56.14,,,,,,,,,,,,,,,,,,,,,,,,,,,,,
,,,,76.00,-57.12,-57.12,-57.12,,,,,,,,,,,,,,,,,,,,,,,,,,,,,
,,,,77.00,-58.34,-58.34,-58.34,,,,,,,,,,,,,,,,,,,,,,,,,,,,,
,,,,78.00,-59.87,-59.87,-59.87,,,,,,,,,,,,,,,,,,,,,,,,,,,,,
,,,,79.00,-61.83,-61.83,-61.83,,,,,,,,,,,,,,,,,,,,,,,,,,,,,
,,,,80.00,-64.47,-64.47,-64.47,,,,,,,,,,,,,,,,,,,,,,,,,,,,,
,,,,81.00,-68.32,-68.32,-68.32,,,,,,,,,,,,,,,,,,,,,,,,,,,,,
,,,,82.00,-75.35,-75.35,-75.35,,,,,,,,,,,,,,,,,,,,,,,,,,,,,
,,,,83.00,-87.54,-87.54,-87.54,,,,,,,,,,,,,,,,,,,,,,,,,,,,,
,,,,84.00,-72.39,-72.39,-72.39,,,,,,,,,,,,,,,,,,,,,,,,,,,,,
,,,,85.00,-67.34,-67.34,-67.34,,,,,,,,,,,,,,,,,,,,,,,,,,,,,
,,,,86.00,-64.36,-64.36,-64.36,,,,,,,,,,,,,,,,,,,,,,,,,,,,,
,,,,87.00,-62.32,-62.32,-62.32,,,,,,,,,,,,,,,,,,,,,,,,,,,,,
,,,,88.00,-60.85,-60.85,-60.85,,,,,,,,,,,,,,,,,,,,,,,,,,,,,
,,,,89.00,-59.77,-59.77,-59.77,,,,,,,,,,,,,,,,,,,,,,,,,,,,,
,,,,90.00,-58.97,-58.97,-58.97,,,,,,,,,,,,,,,,,,,,,,,,,,,,,
,,,,91.00,-58.39,-58.39,-58.39,,,,,,,,,,,,,,,,,,,,,,,,,,,,,
,,,,92.00,-58.01,-58.01,-58.01,,,,,,,,,,,,,,,,,,,,,,,,,,,,,
,,,,93.00,-57.80,-57.80,-57.80,,,,,,,,,,,,,,,,,,,,,,,,,,,,,
,,,,94.00,-57.74,-57.74,-57.74,,,,,,,,,,,,,,,,,,,,,,,,,,,,,
,,,,95.00,-57.83,-57.83,-57.83,,,,,,,,,,,,,,,,,,,,,,,,,,,,,
,,,,96.00,-58.05,-58.05,-58.05,,,,,,,,,,,,,,,,,,,,,,,,,,,,,
,,,,97.00,-58.42,-58.42,-58.42,,,,,,,,,,,,,,,,,,,,,,,,,,,,,
,,,,98.00,-58.92,-58.92,-58.92,,,,,,,,,,,,,,,,,,,,,,,,,,,,,
,,,,99.00,-59.58,-59.58,-59.58,,,,,,,,,,,,,,,,,,,,,,,,,,,,,
,,,,100.00,-60.39,-60.39,-60.39,,,,,,,,,,,,,,,,,,,,,,,,,,,,,
,,,,101.00,-61.39,-61.39,-61.39,,,,,,,,,,,,,,,,,,,,,,,,,,,,,
,,,,102.00,-62.58,-62.58,-62.58,,,,,,,,,,,,,,,,,,,,,,,,,,,,,
,,,,103.00,-64.03,-64.03,-64.03,,,,,,,,,,,,,,,,,,,,,,,,,,,,,
,,,,104.00,-65.78,-65.78,-65.78,,,,,,,,,,,,,,,,,,,,,,,,,,,,,
,,,,105.00,-67.93,-67.93,-67.93,,,,,,,,,,,,,,,,,,,,,,,,,,,,,
,,,,106.00,-70.61,-70.61,-70.61,,,,,,,,,,,,,,,,,,,,,,,,,,,,,
,,,,107.00,-73.99,-73.99,-73.99,,,,,,,,,,,,,,,,,,,,,,,,,,,,,
,,,,108.00,-77.58,-77.58,-77.58,,,,,,,,,,,,,,,,,,,,,,,,,,,,,
,,,,109.00,-78.12,-78.12,-78.12,,,,,,,,,,,,,,,,,,,,,,,,,,,,,
,,,,110.00,-75.32,-75.32,-75.32,,,,,,,,,,,,,,,,,,,,,,,,,,,,,
,,,,111.00,-72.60,-72.60,-72.60,,,,,,,,,,,,,,,,,,,,,,,,,,,,,
,,,,112.00,-70.54,-70.54,-70.54,,,,,,,,,,,,,,,,,,,,,,,,,,,,,
,,,,113.00,-68.98,-68.98,-68.98,,,,,,,,,,,,,,,,,,,,,,,,,,,,,
,,,,114.00,-67.74,-67.74,-67.74,,,,,,,,,,,,,,,,,,,,,,,,,,,,,
,,,,115.00,-66.72,-66.72,-66.72,,,,,,,,,,,,,,,,,,,,,,,,,,,,,
,,,,116.00,-65.82,-65.82,-65.82,,,,,,,,,,,,,,,,,,,,,,,,,,,,,
,,,,117.00,-65.01,-65.01,-65.01,,,,,,,,,,,,,,,,,,,,,,,,,,,,,
,,,,118.00,-64.23,-64.23,-64.23,,,,,,,,,,,,,,,,,,,,,,,,,,,,,
,,,,119.00,-63.47,-63.47,-63.47,,,,,,,,,,,,,,,,,,,,,,,,,,,,,
,,,,120.00,-62.73,-62.73,-62.73,,,,,,,,,,,,,,,,,,,,,,,,,,,,,
