Frequency_kHz,Sphere_Rigid,Sphere_PressureRelease,Sphere_Gas,Sphere_WeaklyScattering,ShellSphere_PressureRelease,ShellSphere_Gas,ShellSphere_WeaklyScattering,ProlateSpheroid_Rigid,ProlateSpheroid_PressureRelease,ProlateSpheroid_Gas,ProlateSpheroid_WeaklyScattering,Cylinder_Rigid,Cylinder_PressureRelease,Cylinder_Gas,Cylinder_WeaklyScattering
12,-54.44,-42.29,-42.34,-103.95,-42.83,-42.8,-99.15,-35.98,-30.16,NA,-87.05,-38.75,-35.29,-35.3,-89.79
14,-52.2,-42.92,-42.93,-101.62,-43.4,-43.44,-96.79,-33.83,-30.02,NA,-84.71,-36.83,-34.93,-34.93,-87.54
16,-50.4,-43.52,-43.52,-99.69,-43.96,-43.99,-94.83,-32.2,-29.87,NA,-82.78,-35.45,-34.56,-34.56,-85.73
18,-48.96,-44.02,-44.03,-98.1,-44.49,-44.51,-93.2,-30.97,-29.7,NA,-81.19,-34.51,-34.17,-34.18,-84.27
20,-47.85,-44.39,-44.4,-96.79,-44.94,-44.97,-91.85,-30.08,-29.54,NA,-79.87,-33.95,-33.8,-33.81,-83.12
22,-47.02,-44.63,-44.64,-95.72,-45.28,-45.3,-90.73,-29.49,-29.38,NA,-78.8,-33.71,-33.44,-33.43,-82.23
24,-46.46,-44.75,-44.78,-94.87,-45.51,-45.54,-89.81,-29.1,-29.21,NA,-77.94,-33.75,-33.12,-33.11,-81.59
26,-46.16,-44.79,-44.77,-94.21,-45.64,-45.69,-89.08,-28.95,-29.06,NA,-77.28,-34.02,-32.82,-32.82,-81.19
28,-46.11,-44.78,-44.78,-93.74,-45.7,-45.69,-88.53,-28.99,-28.94,NA,-76.8,-34.44,-32.56,-32.56,-81.03
30,-46.3,-44.78,-44.77,-93.44,-45.7,-45.73,-88.14,-29.16,-28.83,NA,-76.5,-34.87,-32.33,-32.32,-81.12
32,-46.74,-44.79,-44.79,-93.33,-45.7,-45.73,-87.92,-29.43,-28.75,NA,-76.38,-35.13,-32.11,-32.11,-81.48
34,-47.39,-44.83,-44.83,-93.4,-45.69,-45.72,-87.86,-29.72,-28.68,NA,-76.44,-35.01,-31.91,-31.91,-82.15
36,-48.21,-44.9,-44.9,-93.66,-45.71,-45.75,-87.96,-29.97,-28.65,NA,-76.7,-34.46,-31.72,-31.71,-83.22
38,-49.09,-45,-44.99,-94.13,-45.75,-45.78,-88.25,-30.07,-28.62,NA,-77.17,-33.62,-31.54,-31.56,-84.8
40,-49.8,-45.11,-44.31,-94.85,-45.82,-45.84,-88.73,-29.98,-28.61,NA,-77.88,-32.72,-31.35,-31.35,-87.19
42,-50.04,-45.21,-45.26,-95.86,-45.9,-45.92,-89.43,-29.71,-28.6,NA,-78.89,-31.9,-31.17,-31.17,-91.1
44,-49.68,-45.31,-45.31,-97.25,-46,-45.97,-90.39,-29.34,-28.59,NA,-80.27,-31.23,-30.98,-31.16,-99.61
46,-48.87,-45.38,-45.39,-99.16,-46.1,-46.15,-91.68,-28.94,-28.59,NA,-82.17,-30.76,-30.8,-30.81,-101.85
48,-47.92,-45.43,-45.42,-101.91,-46.19,-46.2,-93.43,-28.58,-28.59,NA,-84.91,-30.47,-30.63,-30.63,-91.31
50,-47.04,-45.45,-45.48,-106.29,-46.26,-46.29,-95.86,-28.29,-28.6,NA,-89.28,-30.37,-30.47,-30.47,-86.68
52,-46.34,-45.46,-45.45,-116.22,-46.32,-46.37,-99.52,-28.12,-28.61,NA,-99.17,-30.43,-30.31,-30.31,-83.76
54,-45.86,-45.46,-45.42,-114.86,-46.35,-46.38,-106.34,-28.07,-28.63,NA,-97.98,-30.61,-30.17,-30.15,-81.7
56,-45.61,-45.46,-45.45,-105.85,-46.37,-46.49,-118.79,-28.13,-28.65,NA,-88.89,-30.84,-30.03,-29.99,-80.18
58,-45.59,-45.46,-45.38,-101.66,-46.38,-46.39,-103.29,-28.31,-28.67,NA,-84.69,-31.07,-29.89,-29.89,-79.07
60,-45.8,-45.48,-45.41,-99.02,-46.38,-46.37,-98.11,-28.56,-28.7,NA,-82.04,-31.18,-29.76,-29.76,-78.28
62,-46.2,-45.5,-45.5,-97.18,-46.38,-46.39,-95.04,-28.86,-28.73,NA,-80.19,-31.11,-29.64,-29.63,-77.77
64,-46.76,-45.53,-45.53,-95.85,-46.38,-46.37,-92.95,-29.16,-28.76,NA,-78.87,-30.84,-29.52,-29.54,-77.52
66,-47.4,-45.57,-45.6,-94.91,-46.39,-46.45,-91.44,-29.41,-28.8,NA,-77.93,-30.43,-29.39,-29.39,-77.51
68,-48,-45.61,-45.76,-94.28,-46.41,-46.43,-90.35,-29.55,-28.83,NA,-77.29,-29.96,-29.27,-29.27,-77.76
70,-48.38,-45.64,-45.64,-93.91,-46.43,-46.45,-89.57,-29.58,-28.86,NA,-76.92,-29.49,-29.15,-29.14,-78.29
72,-48.39,-45.67,-45.68,-93.78,-46.46,-46.48,-89.06,-29.5,-28.9,NA,-76.8,-29.1,-29.04,-29.02,-79.15
74,-48.03,-45.69,-45.67,-93.88,-46.5,-46.53,-88.77,-29.35,-28.92,NA,-76.91,-28.8,-28.92,-28.92,-80.42
76,-47.44,-45.7,-45.28,-94.24,-46.53,-46.5,-88.71,-29.17,-28.95,NA,-77.27,-28.63,-28.81,-28.81,-82.25
78,-46.79,-45.71,-45.69,-94.85,-46.56,-46.58,-88.86,-29.02,-28.98,NA,-77.89,-28.57,-28.71,-28.7,-84.99
80,-46.21,-45.71,-45.66,-95.78,-46.58,-46.61,-89.22,-28.91,-28.98,NA,-78.83,-28.61,-28.6,-28.49,-89.58
82,-45.77,-45.71,-45.7,-97.08,-46.6,-46.6,-89.83,NA,NA,NA,-80.15,-28.73,-28.5,-28.49,-101.36
84,-45.51,-45.71,-45.81,-98.91,-46.61,-46.61,-90.72,NA,NA,NA,-82,-28.88,-28.41,-28.41,-95.41
86,-45.45,-45.71,-45.69,-101.55,-46.62,-46.6,-91.94,NA,NA,NA,-84.67,-29,-28.31,-28.31,-87.41
88,-45.57,-45.72,-45.72,-105.73,-46.62,-46.63,-93.6,NA,NA,NA,-88.95,-29.06,-28.22,-28.21,-83.4
90,-45.86,-45.73,-45.75,-114.76,-46.62,-46.64,-95.93,NA,NA,NA,-98.39,-29.01,-28.13,-28.15,-80.79
92,-46.29,-45.75,-45.73,-116.04,-46.62,-46.62,-99.41,NA,NA,NA,-98.44,-28.84,-28.04,-28.04,-78.96
94,-46.8,-45.77,-45.77,-106.14,-46.63,-46.69,-105.69,NA,NA,NA,-88.96,-28.58,-27.95,-27.95,-77.62
96,-47.29,-45.78,-45.77,-101.77,-46.63,-46.64,-124.58,NA,NA,NA,-84.68,-28.27,-27.86,-27.85,-76.66
98,-47.64,-45.8,-45.79,-99.05,-46.64,-46.66,-104.41,NA,NA,NA,-82.01,-27.96,-27.77,-27.82,-76.02
100,-47.73,-45.81,-45.79,-97.18,-46.65,-46.68,-98.86,NA,NA,NA,-80.16,-27.69,-27.69,-27.69,-75.64
102,-47.54,-45.82,-45.88,-95.84,-46.66,-46.65,-95.67,NA,NA,NA,-78.84,-27.49,-27.61,-27.6,-75.52
104,-47.13,-45.82,-45.81,-94.89,-46.68,-46.73,-93.52,NA,NA,NA,-77.91,-27.36,-27.52,-27.53,-75.65
106,-46.63,-45.82,-45.85,-94.26,-46.69,-46.69,-91.98,NA,NA,NA,-77.3,-27.32,-27.44,-27.45,-76.04
108,-46.15,-45.82,-45.83,-93.9,-46.71,-46.71,-90.88,NA,NA,NA,-76.95,-27.34,-27.37,-27.35,-76.73
110,-45.77,-45.82,-45.84,-93.79,-46.72,-46.72,-90.1,NA,NA,NA,-76.86,-27.42,-27.29,-27.29,-77.77
112,-45.52,-45.82,-45.79,-93.93,-46.73,-46.71,-89.6,NA,NA,NA,-77.02,-27.52,-27.22,-27.22,-79.28
114,-45.44,-45.83,-45.83,-94.32,-46.73,-46.81,-89.34,NA,NA,NA,-77.43,-27.6,-27.14,-27.13,-81.46
116,-45.52,-45.83,-45.86,-94.99,-46.74,-46.74,-89.31,NA,NA,NA,-78.12,-27.63,-27.07,-27.12,-84.81
118,-45.74,-45.84,-45.8,-95.99,-46.74,-46.76,-89.5,NA,NA,NA,-79.14,-27.59,-27,-27,-90.95
120,-46.09,-45.85,-45.92,-97.41,-46.74,-46.75,-89.92,NA,NA,NA,-80.58,-27.47,-26.93,-26.92,-113.36
122,-46.51,-45.86,-45.85,-99.41,-46.74,-46.76,-90.59,NA,NA,NA,-82.61,-27.29,-26.86,-26.86,-89.61
124,-46.92,-45.87,-46.25,-102.35,-46.74,-46.77,-91.57,NA,NA,NA,-85.61,-27.07,-26.79,-26.8,-83.93
126,-47.22,-45.87,-45.86,-107.26,-46.74,-46.74,-92.91,NA,NA,NA,-90.65,-26.84,-26.72,-26.72,-80.65
128,-47.34,-45.88,-45.92,-120.79,-46.75,-46.76,-94.75,NA,NA,NA,-105.33,-26.64,-26.66,-26.66,-78.44
130,-47.23,-45.88,-45.88,-111.9,-46.75,-46.7,-97.38,NA,NA,NA,-94.58,-26.49,-26.59,-26.6,-76.86
132,-46.93,-45.88,-45.89,-104.55,-46.76,-46.63,-101.47,NA,NA,NA,-87.49,-26.39,-26.53,-26.51,-75.72
134,-46.53,-45.88,-45.93,-100.78,-46.77,-46.74,-109.92,NA,NA,NA,-83.8,-26.35,-26.46,-26.45,-74.93
136,-46.13,-45.88,-45.85,-98.34,-46.78,-46.77,-113.48,NA,NA,NA,-81.4,-26.37,-26.4,-26.4,-74.43
138,-45.79,-45.89,-45.87,-96.64,-46.78,-46.82,-102.73,NA,NA,NA,-79.73,-26.42,-26.34,-26.35,-74.19
140,-45.57,-45.89,-45.88,-95.43,-46.79,-46.77,-98.23,NA,NA,NA,-78.53,-26.48,-26.28,-26.26,-74.2
142,-45.47,-45.89,-45.8,-94.59,-46.79,-46.83,-95.47,NA,NA,NA,-77.71,-26.54,-26.22,-26.23,-74.47
144,-45.52,-45.89,-45.81,-94.05,-46.8,-46.79,-93.58,NA,NA,NA,-77.18,-26.56,-26.16,-26.16,-75.02
146,-45.7,-45.9,-45.87,-93.78,-46.8,-46.8,-92.23,NA,NA,NA,-76.92,-26.53,-26.1,-26.12,-75.88
148,-45.99,-45.9,-45.89,-93.77,-46.8,-46.81,-91.27,NA,NA,NA,-76.91,-26.44,-26.04,-26.05,-77.14
150,-46.33,-45.91,-45.93,-94,-46.8,-46.76,-90.63,NA,NA,NA,-77.15,-26.3,-25.99,-26.15,-78.95
152,-46.68,-45.91,-45.99,-94.51,-46.8,-46.85,-90.25,NA,NA,NA,-77.65,-26.14,-25.93,-25.93,-81.6
154,-46.95,-45.92,-46,-95.31,-46.8,-46.77,-90.11,NA,NA,NA,-78.45,-25.96,-25.87,-25.87,-85.89
156,-47.07,-45.92,-45.93,-96.47,-46.8,-46.79,-90.2,NA,NA,NA,-79.61,-25.8,-25.82,-24.84,-95.71
158,-47.01,-45.92,-45.92,-98.11,-46.8,-46.77,-90.52,NA,NA,NA,-81.25,-25.68,-25.77,-26.01,-94.48
160,-46.79,-45.92,-45.83,-100.46,-46.81,-46.72,-91.09,NA,NA,NA,-83.58,-25.6,-25.71,-25.7,-85.35
162,-46.47,-45.92,-46.07,-104.04,-46.81,-45.03,-91.94,NA,NA,NA,-87.14,-25.56,-25.66,-25.66,-81.11
164,-46.13,-45.92,-45.93,-110.79,-46.82,-46.8,-93.13,NA,NA,NA,-93.79,-25.57,-25.61,-25.61,-78.42
166,-45.83,-45.92,-45.91,-124.42,-46.82,-47.06,-94.75,NA,NA,NA,-108.75,-25.6,-25.56,-25.57,-76.55
168,-45.62,-45.92,-45.94,-107.87,-46.83,-46.83,-97.01,NA,NA,NA,-91.17,-25.65,-25.5,-25.75,-75.21
170,-45.52,-45.93,-45.96,-102.64,-46.83,-46.82,-100.35,NA,NA,NA,-85.87,-25.69,-25.45,-25.45,-74.26
172,-45.55,-45.93,-46.01,-99.58,-46.83,-47.01,-106.14,NA,NA,NA,-82.78,-25.7,-25.4,-25.41,-73.63
174,-45.69,-45.93,-45.93,-97.51,-46.83,-46.9,-127.86,NA,NA,NA,-80.69,-25.68,-25.36,-25.33,-73.26
176,-45.93,-45.93,-45.95,-96.05,-46.84,-46.83,-106.93,NA,NA,NA,-79.22,-25.61,-25.31,-25.33,-73.16
178,-46.22,-45.94,-45.89,-95.02,-46.84,-46.77,-100.94,NA,NA,NA,-78.18,-25.5,-25.26,-25.26,-73.31
180,-46.52,-45.94,-45.99,-94.33,-46.84,-46.96,-97.63,NA,NA,NA,-77.47,-25.37,-25.21,-25.21,-73.72
182,-46.76,-45.94,-46.05,-93.93,-46.84,-46.77,-95.45,NA,NA,NA,-77.05,-25.23,-25.16,-25.16,-74.42
184,-46.88,-45.94,-45.94,-93.78,-46.84,-46.81,-93.93,NA,NA,NA,-76.89,-25.11,-25.12,-25.12,-75.47
186,-46.86,-45.95,-45.92,-93.89,-46.84,-46.9,-92.85,NA,NA,NA,-76.98,-25,-25.07,-25.07,-76.98
188,-46.69,-45.95,-45.97,-94.25,-46.84,-46.81,-92.12,NA,NA,NA,-77.33,-24.93,-25.02,-25.02,-79.13
190,-46.43,-45.95,-45.94,-94.89,-46.84,-46.83,-91.67,NA,NA,NA,-77.95,-24.9,-24.98,-24.99,-82.4
192,-46.14,-45.95,-45.92,-95.86,-46.84,-46.82,-91.47,NA,NA,NA,-78.89,-24.9,-24.93,-24.92,-88.26
194,-45.87,-45.95,-45.98,-97.23,-46.85,-46.8,-91.51,NA,NA,NA,-80.23,-24.92,-24.89,-25.97,-125.73
196,-45.68,-45.95,-45.92,-99.16,-46.85,-46.85,-91.77,NA,NA,NA,-82.12,-24.95,-24.85,-24.85,-88.14
198,-45.58,-45.95,-45.94,-101.98,-46.85,-46.8,-92.28,NA,NA,NA,-84.86,-24.98,-24.8,-24.81,-82.21
200,-45.58,-45.95,-46.45,-106.59,-46.85,-46.88,-93.05,NA,NA,NA,-89.31,-24.99,-24.76,-24.75,-78.86
202,-45.69,-45.95,-45.97,-117.84,-46.86,-46.86,-94.14,NA,NA,NA,-99.69,-24.97,-24.72,-24.8,-76.62
204,-45.89,-45.96,-45.9,-113.33,-46.86,-46.83,-95.61,NA,NA,NA,-97.21,-24.91,-24.68,-24.67,-75.03
206,-46.14,-45.96,-45.88,-105.16,-46.86,-46.82,-97.62,NA,NA,NA,-88.51,-24.83,-24.63,-24.63,-73.9
208,-46.4,-45.96,-45.94,-101.18,-46.86,-47.31,-100.49,NA,NA,NA,-84.4,-24.72,-24.59,-24.6,-73.11
210,-46.62,-45.96,-45.9,-98.65,-46.86,-46.85,-105.05,NA,NA,NA,-81.81,-24.61,-24.55,-24.48,-72.61
212,-46.74,-45.96,-45.98,-96.9,-46.86,-46.83,-115.48,NA,NA,NA,-80.01,-24.5,-24.51,-24.51,-72.38
214,-46.74,-45.96,-45.77,-95.66,-46.86,-47.18,-113.18,NA,NA,NA,-78.74,-24.42,-24.47,-24.46,-72.4
216,-46.61,-45.96,-45.96,-94.79,-46.86,-46.87,-104.58,NA,NA,NA,-77.84,-24.35,-24.43,-24.44,-72.67
218,-46.4,-45.96,-46.02,-94.23,-46.86,-46.81,-100.57,NA,NA,NA,-77.27,-24.32,-24.39,-24.34,-73.21
220,-46.15,-45.96,-46.07,-93.94,-46.86,-46.83,-98.06,NA,NA,NA,-76.96,-24.31,-24.35,-24.32,-74.08
222,-45.91,-45.96,-45.66,-93.91,-46.86,-46.88,-96.34,NA,NA,NA,-76.91,-24.33,-24.31,-24.3,-75.32
224,-45.73,-45.96,-45.57,-94.12,-46.87,-46.85,-95.14,NA,NA,NA,-77.11,-24.35,-24.27,-24.27,-77.1
226,-45.63,-45.97,-45.94,-94.59,-46.87,-46.8,-94.31,NA,NA,NA,-77.57,-24.37,-24.24,-24.23,-79.69
228,-45.62,-45.97,-46.01,-95.36,-46.87,-46.88,-93.78,NA,NA,NA,-78.32,-24.38,-24.2,-24.23,-83.82
230,-45.7,-45.97,-46.06,-96.48,-46.87,-46.82,-93.52,NA,NA,NA,-79.43,-24.36,-24.16,-24.16,-92.79
232,-45.86,-45.97,-46.01,-98.04,-46.87,-46.83,-93.48,NA,NA,NA,-80.98,-24.32,-24.12,-24.16,-94.15
234,-46.08,-45.97,-45.96,-100.27,-46.87,-46.9,-93.68,NA,NA,NA,-83.2,-24.25,-24.09,-23.83,-84.16
236,-46.31,-45.97,-46.04,-103.62,-46.88,-46.88,-94.11,NA,NA,NA,-86.53,-24.16,-24.05,-24.07,-79.76
238,-46.51,-45.97,-45.84,-109.6,-46.88,-46.96,-94.79,NA,NA,NA,-92.49,-24.07,-24.01,-24.01,-77.01
240,-46.63,-45.97,-46.04,-131.46,-46.88,-46.84,-95.75,NA,NA,NA,-129.08,-23.98,-23.98,-23.97,-75.11
242,-46.64,-45.97,-45.98,-109.21,-46.88,-46.72,-97.05,NA,NA,NA,-92.24,-23.9,-23.94,-23.93,-73.74
244,-46.55,-45.97,-45.96,-103.43,-46.88,-46.88,-98.81,NA,NA,NA,-86.41,-23.84,-23.91,-23.9,-72.78
246,-46.37,-45.97,-45.93,-100.16,-46.88,-46.8,-101.23,NA,NA,NA,-83.12,-23.81,-23.87,-23.86,-72.13
248,-46.16,-45.97,-45.98,-97.97,-46.88,-46.91,-104.81,NA,NA,NA,-80.93,-23.8,-23.84,-23.83,-71.77
250,-45.95,-45.97,-46.47,-96.43,-46.88,-46.87,-111.12,NA,NA,NA,-79.39,-23.81,-23.8,-23.81,-71.65
252,-45.78,-45.98,-45.95,-95.34,-46.88,-46.83,-125.18,NA,NA,NA,-78.3,-23.82,-23.77,-23.75,-71.79
254,-45.67,-45.98,-46.01,-94.59,-46.88,-46.84,-110.02,NA,NA,NA,-77.55,-23.84,-23.73,-23.76,-72.19
256,-45.65,-45.98,-45.94,-94.13,-46.88,-46.85,-104.67,NA,NA,NA,-77.1,-23.84,-23.7,-23.7,-72.88
258,-45.72,-45.98,-45.8,-93.93,-46.88,-46.91,-101.62,NA,NA,NA,-76.91,-23.83,-23.67,-23.67,-73.91
260,-45.85,-45.98,-45.98,-93.98,-46.88,-46.84,-99.6,NA,NA,NA,-76.97,-23.79,-23.63,-23.62,-75.39
262,-46.03,-45.98,-46,-94.28,-46.89,-46.95,-98.2,NA,NA,NA,-77.28,-23.74,-23.6,-23.55,-77.49
264,-46.24,-45.98,-45.94,-94.85,-46.89,-46.95,-97.23,NA,NA,NA,-77.87,-23.66,-23.57,-23.57,-80.66
266,-46.42,-45.98,-45.96,-95.73,-46.89,-46.6,-96.59,NA,NA,NA,-78.78,-23.59,-23.53,-23.53,-86.22
268,-46.53,-45.98,-46.01,-96.99,-46.89,-46.99,-96.23,NA,NA,NA,-80.07,-23.51,-23.5,-23.51,-109.62
270,-46.56,-45.98,-45.95,-98.77,-46.89,-46.92,-96.12,NA,NA,NA,-81.89,-23.44,-23.47,-23.44,-87.39
272,-46.5,-45.98,-45.99,-101.34,-46.89,-46.85,-96.24,NA,NA,NA,-84.53,-23.39,-23.44,-23.42,-81.12
274,-46.36,-45.98,-45.9,-105.39,-46.89,-46.82,-96.59,NA,NA,NA,-88.74,-23.35,-23.41,-23.4,-77.67
276,-46.17,-45.98,-46.13,-113.87,-46.89,-46.85,-97.19,NA,NA,NA,-97.88,-23.34,-23.38,-23.39,-75.37
278,-45.98,-45.98,-45.95,-117.06,-46.89,-46.83,-98.05,NA,NA,NA,-98.85,-23.34,-23.34,-23.32,-73.76
280,-45.82,-45.98,-46.04,-106.41,-46.89,-46.83,-99.23,NA,NA,NA,-89.05,-23.35,-23.31,-23.41,-72.6
282,-45.72,-45.98,-45.9,-101.9,-46.89,-46.89,-100.82,NA,NA,NA,-84.71,-23.36,-23.28,-23.29,-71.8
284,-45.69,-45.98,-46.06,-99.12,-46.89,-46.8,-102.97,NA,NA,NA,-82.02,-23.37,-23.25,-23.25,-71.29
286,-45.73,-45.99,-46.09,-97.21,-46.89,-46.89,-106.02,NA,NA,NA,-80.16,-23.35,-23.22,-23.22,-71.05
288,-45.84,-45.99,-45.98,-95.85,-46.89,-46.85,-110.93,NA,NA,NA,-78.84,-23.33,-23.19,-23.22,-71.06
290,-46,-45.99,-45.98,-94.9,-46.89,-46.9,-122.89,NA,NA,NA,-77.92,-23.28,-23.16,-23.94,-71.33
292,-46.18,-45.99,-46.04,-94.27,-46.89,-46.92,-117.03,NA,NA,NA,-77.31,-23.22,-23.13,-23.12,-71.87
294,-46.34,-45.99,-45.95,-93.91,-46.89,-46.79,-109.49,NA,NA,NA,-76.98,-23.15,-23.1,-23.13,-72.72
296,-46.46,-45.99,-45.81,-93.81,-46.89,-46.89,-105.8,NA,NA,NA,-76.91,-23.08,-23.07,-23.09,-73.96
298,-46.5,-45.99,-46.18,-93.97,-46.9,-46.91,-103.5,NA,NA,NA,-77.09,-23.02,-23.05,-23.04,-75.72
300,-46.45,-45.99,-46.05,-94.38,-46.9,-46.83,-101.95,NA,NA,NA,-77.52,-22.97,-23.02,-23.01,-78.28
302,-46.34,-45.99,-45.99,-95.08,-46.9,-46.86,-100.9,NA,NA,NA,-78.25,-22.94,-22.99,-23.02,-82.34
304,-46.18,-45.99,-46,-96.13,-46.9,-46.82,-100.24,NA,NA,NA,-79.33,-22.93,-22.96,-22.96,-90.97
306,-46.01,-45.99,-45.66,-97.61,-46.9,-46.83,-99.88,NA,NA,NA,-80.84,-22.92,-22.93,-22.99,-93.59
308,-45.86,-45.99,-46.01,-99.72,-46.9,-46.85,-99.79,NA,NA,NA,-82.99,-22.93,-22.9,-22.89,-83.12
310,-45.76,-45.99,-45.98,-102.86,-46.9,-46.91,-99.95,NA,NA,NA,-86.21,-22.94,-22.88,-22.92,-78.63
312,-45.72,-45.99,-45.94,-108.3,-46.9,-46.71,-100.37,NA,NA,NA,-91.85,-22.94,-22.85,-22.82,-75.85
314,-45.75,-45.99,-46.06,-127.84,-46.9,-46.91,-101.06,NA,NA,NA,-116.6,-22.93,-22.82,-22.55,-73.94
316,-45.83,-45.99,-45.92,-110.15,-46.9,-46.85,-102.04,NA,NA,NA,-92.9,-22.9,-22.79,-22.79,-72.57
318,-45.97,-45.99,-46.02,-103.74,-46.9,-46.54,-103.37,NA,NA,NA,-86.72,-22.87,-22.77,-22.78,-71.61
320,-46.13,-45.99,-45.99,-100.25,-46.9,-46.86,-105.15,NA,NA,NA,-83.32,-22.81,-22.74,-22.73,-70.96
322,-46.28,-45.99,-46.04,-97.96,-46.9,-46.85,-107.58,NA,NA,NA,-81.07,-22.76,-22.71,-22.69,-70.6
324,-46.39,-45.99,-45.95,-96.35,-46.9,-49.54,-111.09,NA,NA,NA,-79.49,-22.7,-22.68,-22.68,-70.49
326,-46.44,-45.99,-45.97,-95.21,-46.9,-46.85,-117.02,NA,NA,NA,-78.36,-22.64,-22.66,-22.65,-70.64
328,-46.42,-45.99,-46,-94.43,-46.9,-46.83,-135.43,NA,NA,NA,-77.6,-22.6,-22.63,-22.64,-71.04
330,-46.32,-45.99,-45.97,-93.95,-46.9,-46.89,-118.55,NA,NA,NA,-77.13,-22.56,-22.61,-22.59,-71.74
332,-46.19,-45.99,-46.01,-93.74,-46.9,-46.82,-112.82,NA,NA,NA,-76.92,-22.55,-22.58,-22.67,-72.78
334,-46.03,-45.99,-46.7,-93.78,-46.9,-46.87,-109.81,NA,NA,NA,-76.96,-22.54,-22.55,-22.55,-74.27
336,-45.9,-45.99,-46.55,-94.08,-46.9,-46.87,-107.97,NA,NA,NA,-77.26,-22.54,-22.53,-22.54,-76.39
338,-45.8,-46,-45.96,-94.66,-46.9,-46.87,-106.83,NA,NA,NA,-77.83,-22.55,-22.5,-22.49,-79.57
340,-45.75,-46,-46.03,-95.55,-46.9,-46.58,-106.19,NA,NA,NA,-78.71,-22.55,-22.48,-22.5,-85.14
342,-45.76,-46,-45.95,-96.83,-46.9,-46.9,-105.95,NA,NA,NA,-79.98,-22.54,-22.45,-22.45,-108.63
344,-45.83,-46,-46,-98.64,-46.9,-46.92,-106.07,NA,NA,NA,-81.76,-22.52,-22.43,-22.43,-86.31
346,-45.95,-46,-46.02,-101.26,-46.9,-47.26,-106.53,NA,NA,NA,-84.34,-22.49,-22.4,-22.41,-80.06
348,-46.09,-46,-46,-105.42,-46.9,-46.82,-107.35,NA,NA,NA,-88.4,-22.45,-22.38,-22.41,-76.62
350,-46.23,-46,-46.01,-114.33,-46.9,-46.89,-108.58,NA,NA,NA,-96.94,-22.4,-22.35,-22.35,-74.34
352,-46.33,-46,-46.03,-115.96,-46.91,-46.77,-110.32,NA,NA,NA,-100.03,-22.35,-22.33,-22.32,-72.73
354,-46.39,-46,-46.03,-105.96,-46.91,-46.9,-112.78,NA,NA,NA,-89.4,-22.3,-22.3,-22.32,-71.58
356,-46.38,-46,-45.94,-101.59,-46.91,-46.86,-116.42,NA,NA,NA,-84.91,-22.26,-22.28,-22.29,-70.79
358,-46.31,-46,-46.07,-98.88,-46.91,-46.9,-122.68,NA,NA,NA,-82.15,-22.24,-22.25,-22.21,-70.3
360,-46.19,-46,-46.07,-97.02,-46.91,-46.83,-134.19,NA,NA,NA,-80.25,-22.22,-22.23,-22.23,-70.07
362,-46.06,-46,-44.29,-95.7,-46.91,-46.86,-122.51,NA,NA,NA,-78.91,-22.21,-22.21,-22.21,-70.09
364,-45.93,-46,-45.98,-94.79,-46.91,-46.74,-117.61,NA,NA,NA,-77.96,-22.21,-22.18,-22.16,-70.36
366,-45.83,-46,-46.05,-94.19,-46.91,-46.81,-115.07,NA,NA,NA,-77.34,-22.22,-22.16,-22.21,-70.91
368,-45.78,-46,-45.98,-93.87,-46.91,-46.75,-113.69,NA,NA,NA,-77,-22.22,-22.13,-22.15,-71.77
370,-45.78,-46,-45.91,-93.81,-46.91,-47.32,-113.12,NA,NA,NA,-76.91,-22.21,-22.11,-22.09,-73.02
372,-45.83,-46,-47.6,-94,-46.91,-46.9,-113.21,NA,NA,NA,-77.07,-22.19,-22.09,-22.04,-74.78
374,-45.93,-46,-45.78,-94.45,-46.91,-46.89,-114,NA,NA,NA,-77.5,-22.16,-22.06,-22.04,-77.33
376,-46.06,-46,-45.88,-95.2,-46.91,-46.84,-115.67,NA,NA,NA,-78.21,-22.11,-22.04,-22.03,-81.38
378,-46.18,-46,-45.98,-96.29,-46.91,-46.9,-118.72,NA,NA,NA,-79.26,-22.06,-22.02,-21.86,-89.89
380,-46.29,-46,-45.97,-97.83,-46.91,-46.83,-125.14,NA,NA,NA,-80.75,-22,-22,-21.97,-92.97
382,-46.35,-46,-46.16,-100.01,-46.91,-46.91,-135.01,NA,NA,NA,-82.87,-21.94,-21.97,-21.95,-82.32
384,-46.35,-46,-45.91,-103.28,-46.91,-46.89,-120.71,NA,NA,NA,-86.01,-21.89,-21.95,-21.94,-77.81
386,-46.29,-46,-45.96,-109.03,-46.91,-46.87,-115.35,NA,NA,NA,-91.46,-21.84,-21.92,-21.91,-75.03
388,-46.2,-46,-46.04,-135.31,-46.91,-46.87,-112.1,NA,NA,NA,-111.43,-21.8,-21.91,-21.92,-73.11
390,-46.08,-46,-45.96,-109.64,-46.91,-46.86,-109.87,NA,NA,NA,-93.37,-21.77,-21.88,-21.87,-71.75
392,-45.96,-46,-46.03,-103.61,-46.91,-46.88,-108.29,NA,NA,NA,-86.94,-21.74,-21.86,-21.92,-70.78
394,-45.86,-46,-45.96,-100.25,-46.91,-46.78,-107.19,NA,NA,NA,-83.45,-21.72,-21.84,-21.83,-70.14
396,-45.8,-46,-46.07,-98.03,-46.91,-46.75,-106.49,NA,NA,NA,-81.16,-21.7,-21.82,-21.82,-69.78
398,-45.8,-46,-45.96,-96.47,-46.91,-46.99,-106.14,NA,NA,NA,-79.55,-21.68,-21.8,-21.79,-69.68
400,-45.84,-46,-46.05,-95.37,-46.91,-46.94,-106.15,NA,NA,NA,-78.41,-21.65,-21.77,-21.79,-69.83
